﻿<parameters>
  <parameter name="IIS Web Application Name" defaultValue="Default Web Site/EdFi.Ods.WebApi" tags="IisApp">
    <parameterEntry kind="ProviderPath" scope="IisApp" match="^D:\\BuildAgent\\work\\b7df97a72dbdf886\\Ed-Fi-Ods-Implementation\\Application\\EdFi\.Ods\.WebApi\\obj\\Release\\Package\\PackageTmp$" />
    <parameterEntry kind="ProviderPath" scope="setAcl" match="^D:\\BuildAgent\\work\\b7df97a72dbdf886\\Ed-Fi-Ods-Implementation\\Application\\EdFi\.Ods\.WebApi\\obj\\Release\\Package\\PackageTmp$" />
  </parameter>
  <parameter name="EdFi_Ods-Web.config Connection String" description="EdFi_Ods Connection String used in web.config by the application to access the database." defaultValue="Database=EdFi_{0}; Data Source=(local); Trusted_Connection=True;" tags="SqlConnectionString">
    <parameterEntry kind="XmlFile" scope="D:\\BuildAgent\\work\\b7df97a72dbdf886\\Ed-Fi-Ods-Implementation\\Application\\EdFi\.Ods\.WebApi\\obj\\Release\\Package\\PackageTmp\\Web\.config$" match="/configuration/connectionStrings/add[@name='EdFi_Ods']/@connectionString" />
  </parameter>
  <parameter name="EdFi_Admin-Web.config Connection String" description="EdFi_Admin Connection String used in web.config by the application to access the database." defaultValue="Database=EdFi_Admin; Data Source=(local); Trusted_Connection=True;" tags="SqlConnectionString">
    <parameterEntry kind="XmlFile" scope="D:\\BuildAgent\\work\\b7df97a72dbdf886\\Ed-Fi-Ods-Implementation\\Application\\EdFi\.Ods\.WebApi\\obj\\Release\\Package\\PackageTmp\\Web\.config$" match="/configuration/connectionStrings/add[@name='EdFi_Admin']/@connectionString" />
  </parameter>
  <parameter name="EdFi_Security-Web.config Connection String" description="EdFi_Security Connection String used in web.config by the application to access the database." defaultValue="Database=EdFi_Security; Data Source=(local); Persist Security Info=True; Integrated Security=True;" tags="SqlConnectionString">
    <parameterEntry kind="XmlFile" scope="D:\\BuildAgent\\work\\b7df97a72dbdf886\\Ed-Fi-Ods-Implementation\\Application\\EdFi\.Ods\.WebApi\\obj\\Release\\Package\\PackageTmp\\Web\.config$" match="/configuration/connectionStrings/add[@name='EdFi_Security']/@connectionString" />
  </parameter>
  <parameter name="EdFi_master-Web.config Connection String" description="EdFi_master Connection String used in web.config by the application to access the database." defaultValue="Database=master; Data Source=(local); Trusted_Connection=True;" tags="SqlConnectionString">
    <parameterEntry kind="XmlFile" scope="D:\\BuildAgent\\work\\b7df97a72dbdf886\\Ed-Fi-Ods-Implementation\\Application\\EdFi\.Ods\.WebApi\\obj\\Release\\Package\\PackageTmp\\Web\.config$" match="/configuration/connectionStrings/add[@name='EdFi_master']/@connectionString" />
  </parameter>
  <parameter name="BulkOperationDbContext-Web.config Connection String" description="BulkOperationDbContext Connection String used in web.config by the application to access the database." defaultValue="Data Source=(local);Initial Catalog=EdFi_Bulk;Trusted_Connection=True;MultipleActiveResultSets=True" tags="SqlConnectionString">
    <parameterEntry kind="XmlFile" scope="D:\\BuildAgent\\work\\b7df97a72dbdf886\\Ed-Fi-Ods-Implementation\\Application\\EdFi\.Ods\.WebApi\\obj\\Release\\Package\\PackageTmp\\Web\.config$" match="/configuration/connectionStrings/add[@name='BulkOperationDbContext']/@connectionString" />
  </parameter>
</parameters>